{
	"credit": "Made with Blockbench",
	"textures": {
		"0": "copper_trap_side",
		"2": "copper_trap_top",
		"4": "copper_trap_spike",
		"particle": "copper_trap_side"
	},
	"elements": [
		{
			"from": [1, 0, 1],
			"to": [15, 2, 15],
			"faces": {
				"north": {"uv": [0, 0, 16, 16], "texture": "#0"},
				"east": {"uv": [0, 0, 16, 16], "texture": "#0"},
				"south": {"uv": [0, 0, 16, 16], "texture": "#0"},
				"west": {"uv": [0, 0, 16, 16], "texture": "#0"},
				"up": {"uv": [0, 0, 16, 16], "texture": "#2"},
				"down": {"uv": [0, 0, 16, 16], "texture": "#2"}
			}
		},
		{
			"from": [11, 2, 8],
			"to": [15, 6, 8],
			"rotation": {"angle": -45, "axis": "y", "origin": [13, 2, 8]},
			"faces": {
				"north": {"uv": [0, 0, 16, 16], "texture": "#4"},
				"east": {"uv": [0, 0, 0, 16], "texture": "#4"},
				"south": {"uv": [0, 0, 16, 16], "texture": "#4"},
				"west": {"uv": [0, 0, 0, 16], "texture": "#4"},
				"up": {"uv": [16, 0, 0, 0], "texture": "#4"},
				"down": {"uv": [16, 0, 0, 0], "texture": "#4"}
			}
		},
		{
			"from": [13, 2, 6],
			"to": [13, 6, 10],
			"rotation": {"angle": -45, "axis": "y", "origin": [13, 2, 8]},
			"faces": {
				"north": {"uv": [0, 0, 0, 16], "texture": "#4"},
				"east": {"uv": [0, 0, 16, 16], "texture": "#4"},
				"south": {"uv": [0, 0, 0, 16], "texture": "#4"},
				"west": {"uv": [0, 0, 16, 16], "texture": "#4"},
				"up": {"uv": [16, 0, 0, 0], "rotation": 90, "texture": "#4"},
				"down": {"uv": [16, 0, 0, 0], "rotation": 270, "texture": "#4"}
			}
		},
		{
			"from": [6, 2, 8],
			"to": [10, 6, 8],
			"rotation": {"angle": -45, "axis": "y", "origin": [8, 2, 8]},
			"faces": {
				"north": {"uv": [0, 0, 16, 16], "texture": "#4"},
				"east": {"uv": [0, 0, 0, 16], "texture": "#4"},
				"south": {"uv": [0, 0, 16, 16], "texture": "#4"},
				"west": {"uv": [0, 0, 0, 16], "texture": "#4"},
				"up": {"uv": [16, 0, 0, 0], "texture": "#4"},
				"down": {"uv": [16, 0, 0, 0], "texture": "#4"}
			}
		},
		{
			"from": [8, 2, 6],
			"to": [8, 6, 10],
			"rotation": {"angle": -45, "axis": "y", "origin": [8, 2, 8]},
			"faces": {
				"north": {"uv": [0, 0, 0, 16], "texture": "#4"},
				"east": {"uv": [0, 0, 16, 16], "texture": "#4"},
				"south": {"uv": [0, 0, 0, 16], "texture": "#4"},
				"west": {"uv": [0, 0, 16, 16], "texture": "#4"},
				"up": {"uv": [16, 0, 0, 0], "rotation": 90, "texture": "#4"},
				"down": {"uv": [16, 0, 0, 0], "rotation": 270, "texture": "#4"}
			}
		},
		{
			"from": [1, 2, 8],
			"to": [5, 6, 8],
			"rotation": {"angle": -45, "axis": "y", "origin": [3, 2, 8]},
			"faces": {
				"north": {"uv": [0, 0, 16, 16], "texture": "#4"},
				"east": {"uv": [0, 0, 0, 16], "texture": "#4"},
				"south": {"uv": [0, 0, 16, 16], "texture": "#4"},
				"west": {"uv": [0, 0, 0, 16], "texture": "#4"},
				"up": {"uv": [16, 0, 0, 0], "texture": "#4"},
				"down": {"uv": [16, 0, 0, 0], "texture": "#4"}
			}
		},
		{
			"from": [3, 2, 6],
			"to": [3, 6, 10],
			"rotation": {"angle": -45, "axis": "y", "origin": [3, 2, 8]},
			"faces": {
				"north": {"uv": [0, 0, 0, 16], "texture": "#4"},
				"east": {"uv": [0, 0, 16, 16], "texture": "#4"},
				"south": {"uv": [0, 0, 0, 16], "texture": "#4"},
				"west": {"uv": [0, 0, 16, 16], "texture": "#4"},
				"up": {"uv": [16, 0, 0, 0], "rotation": 90, "texture": "#4"},
				"down": {"uv": [16, 0, 0, 0], "rotation": 270, "texture": "#4"}
			}
		},
		{
			"from": [1, 2, 13],
			"to": [5, 6, 13],
			"rotation": {"angle": -45, "axis": "y", "origin": [3, 2, 13]},
			"faces": {
				"north": {"uv": [0, 0, 16, 16], "texture": "#4"},
				"east": {"uv": [0, 0, 0, 16], "texture": "#4"},
				"south": {"uv": [0, 0, 16, 16], "texture": "#4"},
				"west": {"uv": [0, 0, 0, 16], "texture": "#4"},
				"up": {"uv": [16, 0, 0, 0], "texture": "#4"},
				"down": {"uv": [16, 0, 0, 0], "texture": "#4"}
			}
		},
		{
			"from": [3, 2, 11],
			"to": [3, 6, 15],
			"rotation": {"angle": -45, "axis": "y", "origin": [3, 2, 13]},
			"faces": {
				"north": {"uv": [0, 0, 0, 16], "texture": "#4"},
				"east": {"uv": [0, 0, 16, 16], "texture": "#4"},
				"south": {"uv": [0, 0, 0, 16], "texture": "#4"},
				"west": {"uv": [0, 0, 16, 16], "texture": "#4"},
				"up": {"uv": [16, 0, 0, 0], "rotation": 90, "texture": "#4"},
				"down": {"uv": [16, 0, 0, 0], "rotation": 270, "texture": "#4"}
			}
		},
		{
			"from": [6, 2, 13],
			"to": [10, 6, 13],
			"rotation": {"angle": -45, "axis": "y", "origin": [8, 2, 13]},
			"faces": {
				"north": {"uv": [0, 0, 16, 16], "texture": "#4"},
				"east": {"uv": [0, 0, 0, 16], "texture": "#4"},
				"south": {"uv": [0, 0, 16, 16], "texture": "#4"},
				"west": {"uv": [0, 0, 0, 16], "texture": "#4"},
				"up": {"uv": [16, 0, 0, 0], "texture": "#4"},
				"down": {"uv": [16, 0, 0, 0], "texture": "#4"}
			}
		},
		{
			"from": [8, 2, 11],
			"to": [8, 6, 15],
			"rotation": {"angle": -45, "axis": "y", "origin": [8, 2, 13]},
			"faces": {
				"north": {"uv": [0, 0, 0, 16], "texture": "#4"},
				"east": {"uv": [0, 0, 16, 16], "texture": "#4"},
				"south": {"uv": [0, 0, 0, 16], "texture": "#4"},
				"west": {"uv": [0, 0, 16, 16], "texture": "#4"},
				"up": {"uv": [16, 0, 0, 0], "rotation": 90, "texture": "#4"},
				"down": {"uv": [16, 0, 0, 0], "rotation": 270, "texture": "#4"}
			}
		},
		{
			"from": [11, 2, 13],
			"to": [15, 6, 13],
			"rotation": {"angle": -45, "axis": "y", "origin": [13, 2, 13]},
			"faces": {
				"north": {"uv": [0, 0, 16, 16], "texture": "#4"},
				"east": {"uv": [0, 0, 0, 16], "texture": "#4"},
				"south": {"uv": [0, 0, 16, 16], "texture": "#4"},
				"west": {"uv": [0, 0, 0, 16], "texture": "#4"},
				"up": {"uv": [16, 0, 0, 0], "texture": "#4"},
				"down": {"uv": [16, 0, 0, 0], "texture": "#4"}
			}
		},
		{
			"from": [13, 2, 11],
			"to": [13, 6, 15],
			"rotation": {"angle": -45, "axis": "y", "origin": [13, 2, 13]},
			"faces": {
				"north": {"uv": [0, 0, 0, 16], "texture": "#4"},
				"east": {"uv": [0, 0, 16, 16], "texture": "#4"},
				"south": {"uv": [0, 0, 0, 16], "texture": "#4"},
				"west": {"uv": [0, 0, 16, 16], "texture": "#4"},
				"up": {"uv": [16, 0, 0, 0], "rotation": 90, "texture": "#4"},
				"down": {"uv": [16, 0, 0, 0], "rotation": 270, "texture": "#4"}
			}
		},
		{
			"from": [11, 2, 3],
			"to": [15, 6, 3],
			"rotation": {"angle": -45, "axis": "y", "origin": [13, 2, 3]},
			"faces": {
				"north": {"uv": [0, 0, 16, 16], "texture": "#4"},
				"east": {"uv": [0, 0, 0, 16], "texture": "#4"},
				"south": {"uv": [0, 0, 16, 16], "texture": "#4"},
				"west": {"uv": [0, 0, 0, 16], "texture": "#4"},
				"up": {"uv": [16, 0, 0, 0], "texture": "#4"},
				"down": {"uv": [16, 0, 0, 0], "texture": "#4"}
			}
		},
		{
			"from": [13, 2, 1],
			"to": [13, 6, 5],
			"rotation": {"angle": -45, "axis": "y", "origin": [13, 2, 3]},
			"faces": {
				"north": {"uv": [0, 0, 0, 16], "texture": "#4"},
				"east": {"uv": [0, 0, 16, 16], "texture": "#4"},
				"south": {"uv": [0, 0, 0, 16], "texture": "#4"},
				"west": {"uv": [0, 0, 16, 16], "texture": "#4"},
				"up": {"uv": [16, 0, 0, 0], "rotation": 90, "texture": "#4"},
				"down": {"uv": [16, 0, 0, 0], "rotation": 270, "texture": "#4"}
			}
		},
		{
			"from": [6, 2, 3],
			"to": [10, 6, 3],
			"rotation": {"angle": -45, "axis": "y", "origin": [8, 2, 3]},
			"faces": {
				"north": {"uv": [0, 0, 16, 16], "texture": "#4"},
				"east": {"uv": [0, 0, 0, 16], "texture": "#4"},
				"south": {"uv": [0, 0, 16, 16], "texture": "#4"},
				"west": {"uv": [0, 0, 0, 16], "texture": "#4"},
				"up": {"uv": [16, 0, 0, 0], "texture": "#4"},
				"down": {"uv": [16, 0, 0, 0], "texture": "#4"}
			}
		},
		{
			"from": [8, 2, 1],
			"to": [8, 6, 5],
			"rotation": {"angle": -45, "axis": "y", "origin": [8, 2, 3]},
			"faces": {
				"north": {"uv": [0, 0, 0, 16], "texture": "#4"},
				"east": {"uv": [0, 0, 16, 16], "texture": "#4"},
				"south": {"uv": [0, 0, 0, 16], "texture": "#4"},
				"west": {"uv": [0, 0, 16, 16], "texture": "#4"},
				"up": {"uv": [16, 0, 0, 0], "rotation": 90, "texture": "#4"},
				"down": {"uv": [16, 0, 0, 0], "rotation": 270, "texture": "#4"}
			}
		},
		{
			"from": [1, 2, 3],
			"to": [5, 6, 3],
			"rotation": {"angle": -45, "axis": "y", "origin": [3, 2, 3]},
			"faces": {
				"north": {"uv": [0, 0, 16, 16], "texture": "#4"},
				"east": {"uv": [0, 0, 0, 16], "texture": "#4"},
				"south": {"uv": [0, 0, 16, 16], "texture": "#4"},
				"west": {"uv": [0, 0, 0, 16], "texture": "#4"},
				"up": {"uv": [16, 0, 0, 0], "texture": "#4"},
				"down": {"uv": [16, 0, 0, 0], "texture": "#4"}
			}
		},
		{
			"from": [3, 2, 1],
			"to": [3, 6, 5],
			"rotation": {"angle": -45, "axis": "y", "origin": [3, 2, 3]},
			"faces": {
				"north": {"uv": [0, 0, 0, 16], "texture": "#4"},
				"east": {"uv": [0, 0, 16, 16], "texture": "#4"},
				"south": {"uv": [0, 0, 0, 16], "texture": "#4"},
				"west": {"uv": [0, 0, 16, 16], "texture": "#4"},
				"up": {"uv": [16, 0, 0, 0], "rotation": 90, "texture": "#4"},
				"down": {"uv": [16, 0, 0, 0], "rotation": 270, "texture": "#4"}
			}
		}
	],
	"groups": [
		0,
		{
			"name": "group",
			"origin": [13, 2, 3],
			"color": 0,
			"children": [1, 2]
		},
		{
			"name": "group",
			"origin": [13, 2, 3],
			"color": 0,
			"children": [3, 4]
		},
		{
			"name": "group",
			"origin": [13, 2, 3],
			"color": 0,
			"children": [5, 6]
		},
		{
			"name": "group",
			"origin": [13, 2, 3],
			"color": 0,
			"children": [7, 8]
		},
		{
			"name": "group",
			"origin": [13, 2, 3],
			"color": 0,
			"children": [9, 10]
		},
		{
			"name": "group",
			"origin": [13, 2, 3],
			"color": 0,
			"children": [11, 12]
		},
		{
			"name": "group",
			"origin": [13, 2, 3],
			"color": 0,
			"children": [13, 14]
		},
		{
			"name": "group",
			"origin": [13, 2, 3],
			"color": 0,
			"children": [15, 16]
		},
		{
			"name": "group",
			"origin": [13, 2, 3],
			"color": 0,
			"children": [17, 18]
		}
	]
}